{
  "0": -1.0,
  "1": -1.0,
  "2": -1.0,
  "3": -1.0,
  "4": -1.0,
  "5": -1.0,
  "6": -1.0,
  "7": -0.9777777777777777,
  "8": -0.9777777777777777,
  "9": -0.9777777777777777,
  "10": -0.9777777777777777,
  "11": -0.9777777777777777,
  "12": -0.9777777777777777,
  "13": -0.9777777777777777,
  "14": -0.9555555555555556,
  "15": -0.9555555555555556,
  "16": -0.9555555555555556,
  "17": -0.9555555555555556,
  "18": -0.9555555555555556,
  "19": -0.9555555555555556,
  "20": -0.9555555555555556,
  "21": -0.9333333333333333,
  "22": -0.9333333333333333,
  "23": -0.9333333333333333,
  "24": -0.9333333333333333,
  "25": -0.9333333333333333,
  "26": -0.9333333333333333,
  "27": -0.9333333333333333,
  "28": -0.9111111111111111,
  "29": -0.9111111111111111,
  "30": -0.9111111111111111,
  "31": -0.9111111111111111,
  "32": -0.9111111111111111,
  "33": -0.9111111111111111,
  "34": -0.9111111111111111,
  "35": -0.8888888888888888,
  "36": -0.8888888888888888,
  "37": -0.8888888888888888,
  "38": -0.8888888888888888,
  "39": -0.8888888888888888,
  "40": -0.8888888888888888,
  "41": -0.8888888888888888,
  "42": -0.8666666666666667,
  "43": -0.8666666666666667,
  "44": -0.8666666666666667,
  "45": -0.8666666666666667,
  "46": -0.8666666666666667,
  "47": -0.8666666666666667,
  "48": -0.8666666666666667,
  "49": -0.8444444444444444,
  "50": -0.8444444444444444,
  "51": -0.8444444444444444,
  "52": -0.8444444444444444,
  "53": -0.8444444444444444,
  "54": -0.8444444444444444,
  "55": -0.8444444444444444,
  "56": -0.8222222222222222,
  "57": -0.8222222222222222,
  "58": -0.8222222222222222,
  "59": -0.8222222222222222,
  "60": -0.8222222222222222,
  "61": -0.8222222222222222,
  "62": -0.8222222222222222,
  "63": -0.8,
  "64": -0.8,
  "65": -0.8,
  "66": -0.8,
  "67": -0.8,
  "68": -0.8,
  "69": -0.8,
  "70": -0.7777777777777778,
  "71": -0.7777777777777778,
  "72": -0.7777777777777778,
  "73": -0.7777777777777778,
  "74": -0.7777777777777778,
  "75": -0.7777777777777778,
  "76": -0.7777777777777778,
  "77": -0.7555555555555555,
  "78": -0.7555555555555555,
  "79": -0.7555555555555555,
  "80": -0.7555555555555555,
  "81": -0.7555555555555555,
  "82": -0.7555555555555555,
  "83": -0.7555555555555555,
  "84": -0.7333333333333333,
  "85": -0.7333333333333333,
  "86": -0.7333333333333333,
  "87": -0.7333333333333333,
  "88": -0.7333333333333333,
  "89": -0.7333333333333333,
  "90": -0.7333333333333333,
  "91": -0.7111111111111111,
  "92": -0.7111111111111111,
  "93": -0.7111111111111111,
  "94": -0.7111111111111111,
  "95": -0.7111111111111111,
  "96": -0.7111111111111111,
  "97": -0.7111111111111111,
  "98": -0.6888888888888889,
  "99": -0.6888888888888889,
  "100": -0.6888888888888889,
  "101": -0.6888888888888889,
  "102": -0.6888888888888889,
  "103": -0.6888888888888889,
  "104": -0.6888888888888889,
  "105": -0.6666666666666666,
  "106": -0.6666666666666666,
  "107": -0.6666666666666666,
  "108": -0.6666666666666666,
  "109": -0.6666666666666666,
  "110": -0.6666666666666666,
  "111": -0.6666666666666666,
  "112": -0.6444444444444445,
  "113": -0.6444444444444445,
  "114": -0.6444444444444445,
  "115": -0.6444444444444445,
  "116": -0.6444444444444445,
  "117": -0.6444444444444445,
  "118": -0.6444444444444445,
  "119": -0.6222222222222222,
  "120": -0.6222222222222222,
  "121": -0.6222222222222222,
  "122": -0.6222222222222222,
  "123": -0.6222222222222222,
  "124": -0.6222222222222222,
  "125": -0.6222222222222222,
  "126": -0.6,
  "127": -0.6,
  "128": -0.6,
  "129": -0.6,
  "130": -0.6,
  "131": -0.6,
  "132": -0.6,
  "133": -0.5777777777777777,
  "134": -0.5777777777777777,
  "135": -0.5777777777777777,
  "136": -0.5777777777777777,
  "137": -0.5777777777777777,
  "138": -0.5777777777777777,
  "139": -0.5777777777777777,
  "140": -0.5555555555555556,
  "141": -0.5555555555555556,
  "142": -0.5555555555555556,
  "143": -0.5555555555555556,
  "144": -0.5555555555555556,
  "145": -0.5555555555555556,
  "146": -0.5555555555555556,
  "147": -0.5333333333333333,
  "148": -0.5333333333333333,
  "149": -0.5333333333333333,
  "150": -0.5333333333333333,
  "151": -0.5333333333333333,
  "152": -0.5333333333333333,
  "153": -0.5333333333333333,
  "154": -0.5111111111111111,
  "155": -0.5111111111111111,
  "156": -0.5111111111111111,
  "157": -0.5111111111111111,
  "158": -0.5111111111111111,
  "159": -0.5111111111111111,
  "160": -0.5111111111111111,
  "161": -0.4888888888888889,
  "162": -0.4888888888888889,
  "163": -0.4888888888888889,
  "164": -0.4888888888888889,
  "165": -0.4888888888888889,
  "166": -0.4888888888888889,
  "167": -0.4888888888888889,
  "168": -0.4666666666666667,
  "169": -0.4666666666666667,
  "170": -0.4666666666666667,
  "171": -0.4666666666666667,
  "172": -0.4666666666666667,
  "173": -0.4666666666666667,
  "174": -0.4666666666666667,
  "175": -0.4444444444444444,
  "176": -0.4444444444444444,
  "177": -0.4444444444444444,
  "178": -0.4444444444444444,
  "179": -0.4444444444444444,
  "180": -0.4444444444444444,
  "181": -0.4444444444444444,
  "182": -0.4222222222222222,
  "183": -0.4222222222222222,
  "184": -0.4222222222222222,
  "185": -0.4222222222222222,
  "186": -0.4222222222222222,
  "187": -0.4222222222222222,
  "188": -0.4222222222222222,
  "189": -0.4,
  "190": -0.4,
  "191": -0.4,
  "192": -0.4,
  "193": -0.4,
  "194": -0.4,
  "195": -0.4,
  "196": -0.37777777777777777,
  "197": -0.37777777777777777,
  "198": -0.37777777777777777,
  "199": -0.37777777777777777,
  "200": -0.37777777777777777,
  "201": -0.37777777777777777,
  "202": -0.37777777777777777,
  "203": -0.35555555555555557,
  "204": -0.35555555555555557,
  "205": -0.35555555555555557,
  "206": -0.35555555555555557,
  "207": -0.35555555555555557,
  "208": -0.35555555555555557,
  "209": -0.35555555555555557,
  "210": -0.3333333333333333,
  "211": -0.3333333333333333,
  "212": -0.3333333333333333,
  "213": -0.3333333333333333,
  "214": -0.3333333333333333,
  "215": -0.3333333333333333,
  "216": -0.3333333333333333,
  "217": -0.3111111111111111,
  "218": -0.3111111111111111,
  "219": -0.3111111111111111,
  "220": -0.3111111111111111,
  "221": -0.3111111111111111,
  "222": -0.3111111111111111,
  "223": -0.3111111111111111,
  "224": -0.28888888888888886,
  "225": -0.28888888888888886,
  "226": -0.28888888888888886,
  "227": -0.28888888888888886,
  "228": -0.28888888888888886,
  "229": -0.28888888888888886,
  "230": -0.28888888888888886,
  "231": -0.26666666666666666,
  "232": -0.26666666666666666,
  "233": -0.26666666666666666,
  "234": -0.26666666666666666,
  "235": -0.26666666666666666,
  "236": -0.26666666666666666,
  "237": -0.26666666666666666,
  "238": -0.24444444444444444,
  "239": -0.24444444444444444,
  "240": -0.24444444444444444,
  "241": -0.24444444444444444,
  "242": -0.24444444444444444,
  "243": -0.24444444444444444,
  "244": -0.24444444444444444,
  "245": -0.2222222222222222,
  "246": -0.2222222222222222,
  "247": -0.2222222222222222,
  "248": -0.2222222222222222,
  "249": -0.2222222222222222,
  "250": -0.2222222222222222,
  "251": -0.2222222222222222,
  "252": -0.2,
  "253": -0.2,
  "254": -0.2,
  "255": -0.2,
  "256": -0.2,
  "257": -0.2,
  "258": -0.2,
  "259": -0.17777777777777778,
  "260": -0.17777777777777778,
  "261": -0.17777777777777778,
  "262": -0.17777777777777778,
  "263": -0.17777777777777778,
  "264": -0.17777777777777778,
  "265": -0.17777777777777778,
  "266": -0.15555555555555556,
  "267": -0.15555555555555556,
  "268": -0.15555555555555556,
  "269": -0.15555555555555556,
  "270": -0.15555555555555556,
  "271": -0.15555555555555556,
  "272": -0.15555555555555556,
  "273": -0.13333333333333333,
  "274": -0.13333333333333333,
  "275": -0.13333333333333333,
  "276": -0.13333333333333333,
  "277": -0.13333333333333333,
  "278": -0.13333333333333333,
  "279": -0.13333333333333333,
  "280": -0.1111111111111111,
  "281": -0.1111111111111111,
  "282": -0.1111111111111111,
  "283": -0.1111111111111111,
  "284": -0.1111111111111111,