{
  "0": -1.0,
  "1": -1.0,
  "2": -0.9777777777777777,
  "3": -0.9777777777777777,
  "4": -0.9555555555555556,
  "5": -0.9555555555555556,
  "6": -0.9333333333333333,
  "7": -0.9333333333333333,
  "8": -0.9111111111111111,
  "9": -0.9111111111111111,
  "10": -0.8888888888888888,
  "11": -0.8888888888888888,
  "12": -0.8666666666666667,
  "13": -0.8666666666666667,
  "14": -0.8444444444444444,
  "15": -0.8444444444444444,
  "16": -0.8222222222222222,
  "17": -0.8222222222222222,
  "18": -0.8,
  "19": -0.8,
  "20": -0.7777777777777778,
  "21": -0.7777777777777778,
  "22": -0.7555555555555555,
  "23": -0.7555555555555555,
  "24": -0.7333333333333333,
  "25": -0.7333333333333333,
  "26": -0.7111111111111111,
  "27": -0.7111111111111111,
  "28": -0.6888888888888889,
  "29": -0.6888888888888889,
  "30": -0.6666666666666666,
  "31": -0.6666666666666666,
  "32": -0.6444444444444445,
  "33": -0.6444444444444445,
  "34": -0.6222222222222222,
  "35": -0.6222222222222222,
  "36": -0.6,
  "37": -0.6,
  "38": -0.5777777777777777,
  "39": -0.5777777777777777,
  "40": -0.5555555555555556,
  "41": -0.5555555555555556,
  "42": -0.5333333333333333,
  "43": -0.5333333333333333,
  "44": -0.5111111111111111,
  "45": -0.5111111111111111,
  "46": -0.4888888888888889,
  "47": -0.4888888888888889,
  "48": -0.4666666666666667,
  "49": -0.4666666666666667,
  "50": -0.4444444444444444,
  "51": -0.4444444444444444,
  "52": -0.4222222222222222,
  "53": -0.4222222222222222,
  "54": -0.4,
  "55": -0.4,
  "56": -0.37777777777777777,
  "57": -0.37777777777777777,
  "58": -0.35555555555555557,
  "59": -0.35555555555555557,
  "60": -0.3333333333333333,
  "61": -0.3333333333333333,
  "62": -0.3111111111111111,
  "63": -0.3111111111111111,
  "64": -0.28888888888888886,
  "65": -0.28888888888888886,
  "66": -0.26666666666666666,
  "67": -0.26666666666666666,
  "68": -0.24444444444444444,
  "69": -0.24444444444444444,
  "70": -0.2222222222222222,
  "71": -0.2222222222222222,
  "72": -0.2,
  "73": -0.2,
  "74": -0.17777777777777778,
  "75": -0.17777777777777778,
  "76": -0.15555555555555556,
  "77": -0.15555555555555556,
  "78": -0.13333333333333333,
  "79": -0.13333333333333333,
  "80": -0.1111111111111111,
  "81": -0.1111111111111111,
  "82": -0.08888888888888889,
  "83": -0.08888888888888889,
  "84": -0.06666666666666667,
  "85": -0.06666666666666667,
  "86": -0.044444444444444446,
  "87": -0.044444444444444446,
  "88": -0.022222222222222223,
  "89": -0.022222222222222223,
  "90": 0.0,
  "91": 0.0,
  "92": 0.022222222222222223,
  "93": 0.022222222222222223,
  "94": 0.044444444444444446,
  "95": 0.044444444444444446,
  "96": 0.06666666666666667,
  "97": 0.06666666666666667,
  "98": 0.08888888888888889,
  "99": 0.08888888888888889,
  "100": 0.1111111111111111,
  "101": 0.1111111111111111,
  "102": 0.13333333333333333,
  "103": 0.13333333333333333,
  "104": 0.15555555555555556,
  "105": 0.15555555555555556,
  "106": 0.17777777777777778,
  "107": 0.17777777777777778,
  "108": 0.2,
  "109": 0.2,
  "110": 0.2222222222222222,
  "111": 0.2222222222222222,
  "112": 0.24444444444444444,
  "113": 0.24444444444444444,
  "114": 0.26666666666666666,
  "115": 0.26666666666666666,
  "116": 0.28888888888888886,
  "117": 0.28888888888888886,
  "118": 0.3111111111111111,
  "119": 0.3111111111111111,
  "120": 0.3333333333333333,
  "121": 0.3333333333333333,
  "122": 0.35555555555555557,
  "123": 0.35555555555555557,
  "124": 0.37777777777777777,
  "125": 0.37777777777777777,
  "126": 0.4,
  "127": 0.4,
  "128": 0.4222222222222222,
  "129": 0.4222222222222222,
  "130": 0.4444444444444444,
  "131": 0.4444444444444444,
  "132": 0.4666666666666667,
  "133": 0.4666666666666667,
  "134": 0.4888888888888889,
  "135": 0.4888888888888889,
  "136": 0.5111111111111111,
  "137": 0.5111111111111111,
  "138": 0.5333333333333333,
  "139": 0.5333333333333333,
  "140": 0.5555555555555556,
  "141": 0.5555555555555556,
  "142": 0.5777777777777777,
  "143": 0.5777777777777777,
  "144": 0.6,
  "145": 0.6,
  "146": 0.6222222222222222,
  "147": 0.6222222222222222,
  "148": 0.6444444444444445,
  "149": 0.6444444444444445,
  "150": 0.6666666666666666,
  "151": 0.6666666666666666,
  "152": 0.6888888888888889,
  "153": 0.6888888888888889,
  "154": 0.7111111111111111,
  "155": 0.7111111111111111,
  "156": 0.7333333333333333,
  "157": 0.7333333333333333,
  "158": 0.7555555555555555,
  "159": 0.7555555555555555,
  "160": 0.7777777777777778,
  "161": 0.7777777777777778,
  "162": 0.8,
  "163": 0.8,
  "164": 0.8222222222222222,
  "165": 0.8222222222222222,
  "166": 0.8444444444444444,
  "167": 0.8444444444444444,
  "168": 0.8666666666666667,
  "169": 0.8666666666666667,
  "170": 0.8888888888888888,
  "171": 0.8888888888888888,
  "172": 0.9111111111111111,
  "173": 0.9111111111111111,
  "174": 0.9333333333333333,
  "175": 0.9333333333333333,
  "176": 0.9555555555555556,
  "177": 0.9555555555555556,
  "178": 0.9777777777777777,
  "179": 0.9777777777777777
}